{"cameraMode":{"drawMode":0,"name":"Shaded","section":"Shading Mode"},"sceneLighting":false,"audioPlay":false,"sceneViewState":{"showFog":true,"showMaterialUpdate":false,"showSkybox":false,"showFlares":true,"showImageEffects":true,"showParticleSystems":true},"in2DMode":false,"pivot":{"x":887.8596801757813,"y":426.25103759765627,"z":-135.0555419921875},"rotation":{"x":-0.07040028274059296,"y":0.9226590991020203,"z":-0.2027522623538971,"w":-0.32036885619163515},"size":857.0858764648438,"orthographic":false}